DATE,CURRENCY,UNITS,STATUS
02/09/2018,ETH,0.521448397,Completed
01/12/2018,SRN,500,Completed
01/06/2018,ETH,0.105559,Completed
12/30/2017,ETH,0.24698794,Completed
11/18/2017,ETH,4.7840597,Completed
11/16/2017,ETH,1.242508149,Completed
11/14/2017,ETH,1.018313789,Completed
11/09/2017,ETH,2,Completed
11/02/2017,ETH,2.091363069,Completed
11/02/2017,ETH,0.699,Completed
10/23/2017,ETH,2.180825142,Completed
10/19/2017,ETH,0.15,Completed
10/04/2017,ETH,1.99,Completed